,secID,ticker,secShortName,exchangeCD,tradeDate,preClosePrice,actPreClosePrice,openPrice,highestPrice,lowestPrice,closePrice,turnoverVol,turnoverValue,dealAmount,turnoverRate,accumAdjFactor,negMarketValue,marketValue,chgPct,PE,PE1,PB,isOpen,vwap
0,000001.XSHE,000001,平安银行,XSHE,2021-01-04,19.34,19.34,19.1,19.1,18.44,18.6,155421643,2891682312.05,119328,0.008,0.9921976328,360947000220,360950078520,-0.0383,13.3824,12.0865,1.0061,1,18.605
1,000001.XSHE,000001,平安银行,XSHE,2021-01-05,18.6,18.6,18.4,18.48,17.8,18.17,182135210,3284606913.91,187364,0.0094,0.9921976328,352602526559,352605533694,-0.0231,13.073,11.807,0.9828,1,18.034
2,000001.XSHE,000001,平安银行,XSHE,2021-01-06,18.17,18.17,18.08,19.56,18.0,19.56,193494512,3648521909.1,154714,0.01,0.9921976328,379576522812,379579759992,0.0765,14.0731,12.7103,1.058,1,18.856
3,000001.XSHE,000001,平安银行,XSHE,2021-01-07,19.56,19.56,19.52,19.98,19.23,19.9,158418530,3111274625.37,123304,0.0082,0.9921976328,386174478730,386177772180,0.0174,14.3177,12.9312,1.0764,1,19.64
4,000001.XSHE,000001,平安银行,XSHE,2021-01-08,19.9,19.9,19.9,20.1,19.31,19.85,119547322,2348316363.18,95828,0.0062,0.9921976328,385204191095,385207476270,-0.0025,14.2818,12.8987,1.0737,1,19.643
5,000001.XSHE,000001,平安银行,XSHE,2021-01-11,19.85,19.85,20.0,20.64,20.0,20.38,179045714,3652546646.82,129019,0.0092,0.9921976328,395489240026,395492612916,0.0267,14.6631,13.2431,1.1024,1,20.4
6,000001.XSHE,000001,平安银行,XSHE,2021-01-12,20.38,20.38,20.39,21.0,20.18,21.0,128816550,2657687440.67,95928,0.0066,0.9921976328,407520806700,407524282200,0.0304,15.1092,13.646,1.1359,1,20.632
7,000001.XSHE,000001,平安银行,XSHE,2021-01-13,21.0,21.0,21.0,21.01,20.4,20.7,104911973,2161849708.04,91337,0.0054,0.9921976328,401699080890,401702506740,-0.0143,14.8933,13.4511,1.1197,1,20.606
8,000001.XSHE,000001,平安银行,XSHE,2021-01-14,20.7,20.7,20.68,20.89,19.95,20.17,113015562,2306404546.81,81738,0.0058,0.9921976328,391414031959,391417370094,-0.0256,14.512,13.1067,1.091,1,20.408
9,000001.XSHE,000001,平安银行,XSHE,2021-01-15,20.17,20.17,21.0,21.95,20.82,21.0,248068898,5311218074.76,143343,0.0128,0.9921976328,407520806700,407524282200,0.0412,15.1092,13.646,1.1359,1,21.41
10,000001.XSHE,000001,平安银行,XSHE,2021-01-18,21.0,21.0,21.2,22.78,21.2,22.7,215730178,4792909447.95,147822,0.0111,0.9921976328,440510586290,440514343140,0.081,16.3323,14.7507,1.2278,1,22.217
11,000001.XSHE,000001,平安银行,XSHE,2021-01-19,22.7,22.7,22.51,22.84,22.05,22.34,124208834,2790056611.29,109282,0.0064,0.9921976328,433524515318,433528212588,-0.0159,16.0733,14.5167,1.2084,1,22.463
12,000001.XSHE,000001,平安银行,XSHE,2021-01-20,22.34,22.34,22.15,22.97,22.12,22.47,128079316,2889249850.45,95453,0.0066,0.9921976328,436047263169,436050981954,0.0058,16.1668,14.6012,1.2154,1,22.558
13,000001.XSHE,000001,平安银行,XSHE,2021-01-21,22.47,22.47,22.5,22.8,22.15,22.23,94477860,2114252731.64,89980,0.0049,0.9921976328,431389882521,431393561586,-0.0107,15.9941,14.4453,1.2024,1,22.378
14,000001.XSHE,000001,平安银行,XSHE,2021-01-22,22.23,22.23,22.23,22.23,21.51,22.03,92443442,2025834761.54,89155,0.0048,0.9921976328,427508731981,427512377946,-0.009,15.8502,14.3153,1.1916,1,21.914
15,000001.XSHE,000001,平安银行,XSHE,2021-01-25,22.03,22.03,21.72,22.6,21.43,22.49,102836527,2269032820.67,82278,0.0053,0.9921976328,436435378223,436439100318,0.0209,16.1812,14.6142,1.2165,1,22.064
16,000001.XSHE,000001,平安银行,XSHE,2021-01-26,22.49,22.49,22.3,23.32,22.3,22.37,112672055,2558575511.97,93504,0.0058,0.9921976328,434106687899,434110390134,-0.0053,16.0949,14.5362,1.21,1,22.708
17,000001.XSHE,000001,平安银行,XSHE,2021-01-27,22.37,22.37,22.31,23.47,22.31,23.08,129415272,2976800955.73,104586,0.0067,0.9921976328,447884772316,447888592056,0.0317,15.4829,15.4829,1.23,1,23.002
18,000001.XSHE,000001,平安银行,XSHE,2021-01-28,23.08,23.08,22.78,23.18,22.45,22.81,85747696,1948881146.95,80494,0.0044,0.9921976328,442645219087,442648994142,-0.0117,15.3017,15.3017,1.2156,1,22.728
19,000001.XSHE,000001,平安银行,XSHE,2021-01-29,22.81,22.81,22.81,23.54,22.71,23.09,124025841,2864101419.33,105906,0.0064,0.9921976328,448078829843,448082651238,0.0123,15.4896,15.4896,1.2306,1,23.093
20,000001.XSHE,000001,平安银行,XSHE,2021-02-01,23.09,23.09,23.0,24.99,22.7,24.55,147523930,3529556986.77,115321,0.0076,0.9921976328,476411228785,476415291810,0.0632,16.469,16.469,1.3084,1,23.925
21,000001.XSHE,000001,平安银行,XSHE,2021-02-02,24.55,24.55,23.38,24.1,22.91,23.28,241616877,5679179941.74,163688,0.0125,0.9921976328,451765964760,451769775696,-0.0517,15.617,15.617,1.2407,1,23.505
22,000001.XSHE,000001,平安银行,XSHE,2021-02-03,23.28,23.28,23.48,25.18,23.38,24.95,192327159,4690176486.28,164543,0.0099,0.9921976328,484173574775,484177659090,0.0717,16.7373,16.7373,1.3297,1,24.386
23,000001.XSHE,000001,平安银行,XSHE,2021-02-04,24.95,24.95,24.18,25.24,24.04,24.6,125524750,3084553750.95,137156,0.0065,0.9921976328,477381560700,477385587720,-0.014,16.5025,16.5025,1.311,1,24.573
24,000001.XSHE,000001,平安银行,XSHE,2021-02-05,24.6,24.6,24.6,25.31,24.27,24.93,101557559,2517804159.63,111890,0.0052,0.9921976328,483785459685,483789540726,0.0134,16.7239,16.7239,1.3286,1,24.792
25,000001.XSHE,000001,平安银行,XSHE,2021-02-08,24.93,24.93,24.9,24.9,24.1,24.8,108426467,2650948251.38,93243,0.0056,0.9921976328,481262711600,481266771360,-0.0052,16.6367,16.6367,1.3217,1,24.449
26,000001.XSHE,000001,平安银行,XSHE,2021-02-09,24.8,24.8,24.79,24.84,24.17,24.58,94209355,2302978158.4,96636,0.0049,0.9921976328,476993445610,476997469356,-0.0089,16.4891,16.4891,1.31,1,24.445
27,000001.XSHE,000001,平安银行,XSHE,2021-02-10,24.58,24.58,24.6,24.96,23.38,23.82,191886710,4569741959.9,145987,0.0099,0.9921976328,462245072190,462248971524,-0.0309,15.9793,15.9793,1.2695,1,23.815
28,000001.XSHE,000001,平安银行,XSHE,2021-02-18,23.82,23.82,24.0,24.55,23.48,24.3,150523081,3619387651.71,131663,0.0078,0.9921976328,471559834350,471563812260,0.0202,16.3013,16.3013,1.295,1,24.045
29,000001.XSHE,000001,平安银行,XSHE,2021-02-19,24.3,24.3,23.96,24.19,23.57,23.85,92258314,2197558286.91,89755,0.0048,0.9921976328,462827244825,462831149070,-0.0185,15.9994,15.9994,1.2711,1,23.82
30,000001.XSHE,000001,平安银行,XSHE,2021-02-22,23.85,23.85,23.8,23.8,22.26,22.38,195684248,4445818547.6,173237,0.0101,0.9921976328,434300785710,434304449316,-0.0616,15.0133,15.0133,1.1927,1,22.719
31,000001.XSHE,000001,平安银行,XSHE,2021-02-23,22.38,22.38,22.38,22.68,21.82,21.93,187046013,4160776611.31,160290,0.0096,0.9921976328,425568196185,425571786126,-0.0201,14.7114,14.7114,1.1687,1,22.245
32,000001.XSHE,000001,平安银行,XSHE,2021-02-24,21.93,21.93,22.27,22.28,21.56,22.16,142849985,3144209051.81,119850,0.0074,0.9921976328,430031519720,430035147312,0.0105,14.8657,14.8657,1.181,1,22.011
33,000001.XSHE,000001,平安银行,XSHE,2021-02-25,22.16,22.16,22.4,22.56,21.68,22.09,159340347,3524600794.46,130903,0.0082,0.9921976328,428673116905,428676733038,-0.0032,14.8187,14.8187,1.1773,1,22.12
34,000001.XSHE,000001,平安银行,XSHE,2021-02-26,22.09,22.09,21.6,21.96,21.21,21.38,112497730,2424653753.46,109844,0.0058,0.9921976328,414895031210,414898531116,-0.0321,14.3425,14.3425,1.1394,1,21.553
35,000001.XSHE,000001,平安银行,XSHE,2021-03-01,21.38,21.38,21.54,21.68,21.18,21.45,112538653,2408050906.4,103586,0.0058,0.9921976328,416253434025,416256945390,0.0033,14.3894,14.3894,1.1432,1,21.398
36,000001.XSHE,000001,平安银行,XSHE,2021-03-02,21.45,21.45,21.62,22.15,21.26,21.65,147342505,3196536981.14,118329,0.0076,0.9921976328,420134584925,420138129030,0.0093,14.5236,14.5236,1.1538,1,21.695
37,000001.XSHE,000001,平安银行,XSHE,2021-03-03,21.65,21.65,21.58,23.08,21.46,23.01,191963527,4320024431.32,173273,0.0099,0.9921976328,446526411045,446530177782,0.0628,15.4359,15.4359,1.2263,1,22.504
38,000001.XSHE,000001,平安银行,XSHE,2021-03-04,23.01,23.01,22.77,23.49,22.65,22.92,121357937,2799747146.41,108769,0.0063,0.9921976328,444779893140,444783645144,-0.0039,15.3755,15.3755,1.2215,1,23.07
39,000001.XSHE,000001,平安银行,XSHE,2021-03-05,22.92,22.92,22.7,22.98,21.86,22.34,88017141,1960439115.04,95240,0.0045,0.9921976328,433524555530,433528212588,-0.0253,14.9865,14.9865,1.1906,1,22.273
40,000001.XSHE,000001,平安银行,XSHE,2021-03-08,22.34,22.34,22.44,22.69,21.48,21.6,99377397,2189190957.56,100262,0.0051,0.9921976328,419164297200,419167833120,-0.0331,14.49,14.49,1.1511,1,22.029
41,000001.XSHE,000001,平安银行,XSHE,2021-03-09,21.6,21.6,21.68,21.92,20.58,20.85,136189533,2882931927.56,114479,0.007,0.9921976328,404609981325,404613394470,-0.0347,13.9869,13.9869,1.1112,1,21.169
42,000001.XSHE,000001,平安银行,XSHE,2021-03-10,20.85,20.85,20.84,20.91,20.28,20.4,114941657,2356185003.94,95463,0.0059,0.9921976328,395877391800,395880731280,-0.0216,13.685,13.685,1.0872,1,20.499
43,000001.XSHE,000001,平安银行,XSHE,2021-03-11,20.4,20.4,20.58,21.38,20.56,21.27,104865939,2213107787.13,92838,0.0054,0.9921976328,412760398215,412763880114,0.0426,14.2687,14.2687,1.1336,1,21.104
44,000001.XSHE,000001,平安银行,XSHE,2021-03-12,21.27,21.27,21.37,21.7,21.2,21.48,69720060,1494219075.5,64701,0.0036,0.9921976328,416835606660,416839122936,0.0099,14.4095,14.4095,1.1448,1,21.432
45,000001.XSHE,000001,平安银行,XSHE,2021-03-15,21.48,21.48,21.4,22.12,21.11,21.6,95874870,2077984893.95,83319,0.0049,0.9921976328,419164297200,419167833120,0.0056,14.49,14.49,1.1511,1,21.674
46,000001.XSHE,000001,平安银行,XSHE,2021-03-16,21.6,21.6,21.6,22.11,21.27,21.66,93968432,2038470660.53,75908,0.0048,0.9921976328,420328642470,420332188212,0.0028,14.5303,14.5303,1.1543,1,21.693
47,000001.XSHE,000001,平安银行,XSHE,2021-03-17,21.66,21.66,21.45,21.55,20.9,21.2,82148865,1738185857.1,75071,0.0042,0.9921976328,411401995400,411405465840,-0.0212,14.2217,14.2217,1.1298,1,21.159
48,000001.XSHE,000001,平安银行,XSHE,2021-03-18,21.2,21.2,21.3,21.73,21.0,21.73,69161019,1483801548.98,90223,0.0036,0.9921976328,421687045285,421690602486,0.025,14.5772,14.5772,1.1581,1,21.454
49,000001.XSHE,000001,平安银行,XSHE,2021-03-19,21.73,21.73,21.53,21.65,20.37,20.47,152562227,3159181042.96,134749,0.0079,0.9921976328,397235794615,397239145554,-0.058,13.732,13.732,1.0909,1,20.707
50,000001.XSHE,000001,平安银行,XSHE,2021-03-22,20.47,20.47,20.55,21.55,20.53,21.55,145119008,3087549484.44,123533,0.0075,0.9921976328,418194009475,418197537210,0.0528,14.4565,14.4565,1.1485,1,21.276
51,000001.XSHE,000001,平安银行,XSHE,2021-03-23,21.55,21.55,21.57,21.65,20.96,21.23,68290338,1448043613.41,75953,0.0035,0.9921976328,411984168035,411987643386,-0.0148,14.2418,14.2418,1.1314,1,21.204
52,000001.XSHE,000001,平安银行,XSHE,2021-03-24,21.23,21.23,21.21,21.28,20.45,20.53,85008507,1757688572.48,84083,0.0044,0.9921976328,398400139885,398403500646,-0.033,13.7722,13.7722,1.0941,1,20.677
53,000001.XSHE,000001,平安银行,XSHE,2021-03-25,20.53,20.53,20.58,20.83,20.4,20.75,49266574,1017166048.68,58686,0.0025,0.9921976328,402669405875,402672802650,0.0107,13.9198,13.9198,1.1058,1,20.646
54,000001.XSHE,000001,平安银行,XSHE,2021-03-26,20.75,20.75,20.84,21.4,20.76,21.14,82210806,1733412579.12,69195,0.0042,0.9921976328,410237650130,410241110748,0.0188,14.1815,14.1815,1.1266,1,21.085
55,000001.XSHE,000001,平安银行,XSHE,2021-03-29,21.14,21.14,21.28,21.65,21.2,21.49,78566668,1684397866.28,72297,0.004,0.9921976328,417029664205,417033182118,0.0166,14.4162,14.4162,1.1453,1,21.439
56,000001.XSHE,000001,平安银行,XSHE,2021-03-30,21.49,21.49,21.38,21.93,21.21,21.93,73865481,1601238499.06,69672,0.0038,0.9921976328,425568196185,425571786126,0.0205,14.7114,14.7114,1.1687,1,21.678
57,000001.XSHE,000001,平安银行,XSHE,2021-03-31,21.93,21.93,21.77,22.07,21.6,22.01,77702807,1699922183.98,78430,0.004,0.9921976328,427120656545,427124259582,0.0036,14.7651,14.7651,1.173,1,21.877
58,000001.XSHE,000001,平安银行,XSHE,2021-04-01,22.01,22.01,22.08,22.11,21.5,21.78,54444898,1183868023.66,64556,0.0028,0.9921976328,422657333010,422660898396,-0.0104,14.6108,14.6108,1.1607,1,21.744
59,000001.XSHE,000001,平安银行,XSHE,2021-04-02,21.78,21.78,21.7,21.73,21.36,21.5,58108352,1249405387.16,53540,0.003,0.9921976328,417223721750,417227241300,-0.0129,14.423,14.423,1.1458,1,21.501
60,000001.XSHE,000001,平安银行,XSHE,2021-04-06,21.5,21.5,21.55,22.09,21.51,21.68,40110282,873387016.62,48843,0.0021,0.9921976328,420716757560,420720306576,0.0084,14.5437,14.5437,1.1554,1,21.775
61,000001.XSHE,000001,平安银行,XSHE,2021-04-07,21.68,21.68,21.88,21.93,21.31,21.64,51760459,1116774452.27,67685,0.0027,0.9921976328,419940527380,419944069848,-0.0018,14.5169,14.5169,1.1533,1,21.576
62,000001.XSHE,000001,平安银行,XSHE,2021-04-08,21.64,21.64,21.46,21.73,21.33,21.56,38302950,825170840.99,45530,0.002,0.9921976328,418388067020,418391596392,-0.0037,14.4632,14.4632,1.149,1,21.543
63,000001.XSHE,000001,平安银行,XSHE,2021-04-09,21.56,21.56,21.71,21.72,21.08,21.3,39896028,849870878.04,45422,0.0021,0.9921976328,413342570850,413346057660,-0.0121,14.2888,14.2888,1.1352,1,21.302
64,000001.XSHE,000001,平安银行,XSHE,2021-04-12,21.3,21.3,21.51,21.51,20.63,20.7,59474314,1240067319.93,64188,0.0031,0.9921976328,401699118150,401702506740,-0.0282,13.8863,13.8863,1.1032,1,20.85
65,000001.XSHE,000001,平安银行,XSHE,2021-04-13,20.7,20.7,20.72,20.88,20.59,20.78,49990418,1036992692.52,47137,0.0026,0.9921976328,403251578510,403254980196,0.0039,13.94,13.94,1.1074,1,20.744
66,000001.XSHE,000001,平安银行,XSHE,2021-04-14,20.78,20.78,20.79,20.94,20.42,20.67,53743849,1113001541.55,43146,0.0028,0.9921976328,401116945515,401120329194,-0.0053,13.8662,13.8662,1.1016,1,20.709
67,000001.XSHE,000001,平安银行,XSHE,2021-04-15,20.67,20.67,20.76,20.77,20.08,20.36,73586505,1494016040.75,72705,0.0038,0.9921976328,395101161620,395104494552,-0.015,12.9492,9.7489,1.0604,1,20.303
68,000001.XSHE,000001,平安银行,XSHE,2021-04-16,20.36,20.36,20.36,20.43,19.81,20.26,72999826,1466509057.44,64429,0.0038,0.9921976328,393160586170,393163902732,-0.0049,12.8856,9.701,1.0551,1,20.089
69,000001.XSHE,000001,平安银行,XSHE,2021-04-19,20.26,20.26,20.03,21.24,19.91,21.15,111228262,2304021478.31,91455,0.0057,0.9921976328,410431707675,410435169930,0.0439,13.4516,10.1272,1.1015,1,20.714
70,000001.XSHE,000001,平安银行,XSHE,2021-04-20,21.15,21.15,21.08,21.95,20.92,21.69,83477272,1798249024.3,83870,0.0043,0.9921976328,420910815105,420914365758,0.0255,13.795,10.3858,1.1296,1,21.542
71,000001.XSHE,000001,平安银行,XSHE,2021-04-21,21.69,21.69,22.3,23.19,22.29,23.01,159709965,3644577541.25,153323,0.0082,0.9921976328,446526411045,446530177782,0.0609,14.6346,11.0178,1.1984,1,22.82
72,000001.XSHE,000001,平安银行,XSHE,2021-04-22,23.01,23.01,23.19,23.23,22.78,22.98,82969388,1905208911.59,96112,0.0043,0.9921976328,445944238410,445948000236,-0.0013,14.6155,11.0035,1.1968,1,22.963
73,000001.XSHE,000001,平安银行,XSHE,2021-04-23,22.98,22.98,23.32,23.65,23.07,23.29,82323015,1920413502.35,92091,0.0042,0.9921976328,451960022305,451963834878,0.0135,14.8127,11.1519,1.2129,1,23.328
74,000001.XSHE,000001,平安银行,XSHE,2021-04-26,23.29,23.29,23.87,24.23,22.9,22.94,87241767,2037109597.01,92915,0.0045,0.9921976328,445168008230,445171763508,-0.015,14.5901,10.9843,1.1947,1,23.35
75,000001.XSHE,000001,平安银行,XSHE,2021-04-27,22.94,22.94,22.95,23.19,22.86,22.94,47043140,1083043579.27,53803,0.0024,0.9921976328,445168008230,445171763508,0.0,14.5901,10.9843,1.1947,1,23.022
76,000001.XSHE,000001,平安银行,XSHE,2021-04-28,22.94,22.94,23.29,23.45,22.78,23.35,59383793,1375141409.72,67966,0.0031,0.9921976328,453124367575,453128189970,0.0179,14.8508,11.1806,1.2161,1,23.157
77,000001.XSHE,000001,平安银行,XSHE,2021-04-29,23.35,23.35,23.34,23.71,23.11,23.59,61483688,1439823965.34,67134,0.0032,0.9921976328,457781748655,457785610338,0.0103,15.0035,11.2955,1.2286,1,23.418
78,000001.XSHE,000001,平安银行,XSHE,2021-04-30,23.59,23.59,23.35,23.49,23.01,23.29,56198132,1308177202.78,62025,0.0029,0.9921976328,451960022305,451963834878,-0.0127,14.8127,11.1519,1.2129,1,23.278
79,000001.XSHE,000001,平安银行,XSHE,2021-05-06,23.29,23.29,23.1,23.7,23.1,23.5,50029522,1174181608.06,57887,0.0026,0.9921976328,456035230750,456039077700,0.009,14.9462,11.2524,1.2239,1,23.47
80,000001.XSHE,000001,平安银行,XSHE,2021-05-07,23.5,23.5,23.67,24.3,23.39,24.05,80221421,1929112374.46,81949,0.0041,0.9921976328,466708395725,466712332710,0.0234,15.296,11.5158,1.2525,1,24.047
81,000001.XSHE,000001,平安银行,XSHE,2021-05-10,24.05,24.05,24.0,24.04,23.02,23.86,66143890,1566860764.09,57753,0.0034,0.9921976328,463021302370,463025208252,-0.0079,15.1752,11.4248,1.2426,1,23.689
82,000001.XSHE,000001,平安银行,XSHE,2021-05-11,23.86,23.86,23.62,23.75,23.06,23.53,49722345,1161846399.06,54324,0.0026,0.9921976328,456617403385,456621255246,-0.0138,14.9653,11.2668,1.2254,1,23.367
83,000001.XSHE,000001,平安银行,XSHE,2021-05-12,23.53,23.53,23.29,23.64,22.88,23.55,53326526,1245517716.87,56136,0.0027,0.9921976328,457005518475,457009373610,0.0008,14.978,11.2764,1.2265,1,23.356
84,000001.XSHE,000001,平安银行,XSHE,2021-05-13,23.55,23.55,23.52,23.59,22.84,23.07,54965250,1271946298.62,60364,0.0028,0.9921976328,447690756315,447694532874,-0.0204,14.6727,11.0465,1.2015,1,23.141
85,000001.XSHE,000001,平安银行,XSHE,2021-05-14,22.89,23.07,23.14,23.43,22.6,23.32,56378536,1300250943.6,61310,0.0029,1.0,452542194940,452546012424,0.0188,14.8317,11.1663,1.2145,1,23.063
86,000001.XSHE,000001,平安银行,XSHE,2021-05-17,23.32,23.32,23.15,23.82,22.95,23.6,52756465,1241605192.34,59159,0.0027,1.0,457975806200,457979669520,0.012,15.0098,11.3003,1.2291,1,23.535
87,000001.XSHE,000001,平安银行,XSHE,2021-05-18,23.6,23.6,23.85,24.11,23.4,23.9,39541498,939786731.95,51509,0.002,1.0,463797532550,463801444980,0.0127,15.2006,11.444,1.2447,1,23.767
88,000001.XSHE,000001,平安银行,XSHE,2021-05-19,23.9,23.9,23.82,24.13,23.52,23.6,42942033,1022553739.18,44339,0.0022,1.0,457975806200,457979669520,-0.0126,15.0098,11.3003,1.2291,1,23.812
89,000001.XSHE,000001,平安银行,XSHE,2021-05-20,23.6,23.6,23.41,23.84,23.27,23.82,40578837,957478853.76,52876,0.0021,1.0,462245072190,462248971524,0.0093,15.1497,11.4057,1.2405,1,23.596
90,000001.XSHE,000001,平安银行,XSHE,2021-05-21,23.82,23.82,23.88,24.09,23.03,23.49,53933574,1263058114.62,59230,0.0028,1.0,455841173205,455845018518,-0.0139,14.9399,11.2477,1.2234,1,23.419
91,000001.XSHE,000001,平安银行,XSHE,2021-05-24,23.49,23.49,23.48,23.6,23.19,23.48,34393563,806092207.23,39208,0.0018,1.0,455647115660,455650959336,-0.0004,14.9335,11.2429,1.2228,1,23.437
92,000001.XSHE,000001,平安银行,XSHE,2021-05-25,23.48,23.48,23.54,24.73,23.45,24.6,97237462,2363145902.7,84000,0.005,1.0,477381560700,477385587720,0.0477,15.6458,11.7792,1.2812,1,24.303
93,000001.XSHE,000001,平安银行,XSHE,2021-05-26,24.6,24.6,24.64,25.12,24.5,25.01,91926378,2286540248.86,83218,0.0047,1.0,485337920045,485342014182,0.0167,15.9066,11.9755,1.3025,1,24.874
94,000001.XSHE,000001,平安银行,XSHE,2021-05-27,25.01,25.01,24.91,25.16,24.52,24.79,50409136,1246712048.75,64825,0.0026,1.0,481068654055,481072712178,-0.0088,15.7667,11.8701,1.2911,1,24.732
95,000001.XSHE,000001,平安银行,XSHE,2021-05-28,24.79,24.79,24.68,24.71,24.16,24.5,49240073,1200523315.7,55764,0.0025,1.0,475440985250,475444995900,-0.0117,15.5822,11.7313,1.276,1,24.381
96,000001.XSHE,000001,平安银行,XSHE,2021-05-31,24.5,24.5,24.33,24.53,23.91,24.2,51535081,1244209045.99,59874,0.0027,1.0,469619258900,469623220440,-0.0122,15.3914,11.5876,1.2603,1,24.143
97,000001.XSHE,000001,平安银行,XSHE,2021-06-01,24.2,24.2,24.2,24.25,23.5,23.92,62501796,1490476624.56,65665,0.0032,1.0,464185647640,464189563344,-0.0116,15.2133,11.4536,1.2458,1,23.847
98,000001.XSHE,000001,平安银行,XSHE,2021-06-02,23.92,23.92,23.89,23.92,23.38,23.89,49752702,1176608126.99,69240,0.0026,1.0,463603475005,463607385798,-0.0013,15.1943,11.4392,1.2442,1,23.649
99,000001.XSHE,000001,平安银行,XSHE,2021-06-03,23.89,23.89,23.72,24.14,23.68,23.77,40090085,958876472.45,51853,0.0021,1.0,461274784465,461278675614,-0.005,15.1179,11.3817,1.2379,1,23.918
100,000001.XSHE,000001,平安银行,XSHE,2021-06-04,23.77,23.77,23.99,24.96,23.8,24.54,75673942,1851425837.61,81233,0.0039,1.0,476217215430,476221232628,0.0324,15.6077,11.7504,1.278,1,24.466
101,000001.XSHE,000001,平安银行,XSHE,2021-06-07,24.54,24.54,24.48,24.48,23.93,24.3,44791410,1081738832.95,53384,0.0023,1.0,471559834350,471563812260,-0.0098,15.455,11.6355,1.2655,1,24.151
102,000001.XSHE,000001,平安银行,XSHE,2021-06-08,24.3,24.3,24.15,24.57,23.95,24.53,57007792,1384120301.27,56054,0.0029,1.0,476023157885,476027173446,0.0095,15.6013,11.7456,1.2775,1,24.279
103,000001.XSHE,000001,平安银行,XSHE,2021-06-09,24.53,24.53,24.43,24.88,24.18,24.65,45383150,1116771375.46,55078,0.0023,1.0,478351848425,478355883630,0.0049,15.6776,11.8031,1.2838,1,24.608
104,000001.XSHE,000001,平安银行,XSHE,2021-06-10,24.65,24.65,24.66,25.06,24.15,24.2,53021516,1294972566.65,57765,0.0027,1.0,469619258900,469623220440,-0.0183,15.3914,11.5876,1.2603,1,24.424
105,000001.XSHE,000001,平安银行,XSHE,2021-06-11,24.2,24.2,24.31,24.35,23.12,23.37,83466504,1965393115.5,86861,0.0043,1.0,453512482665,453516308334,-0.0343,14.8635,11.1902,1.2171,1,23.547
106,000001.XSHE,000001,平安银行,XSHE,2021-06-15,23.37,23.37,23.35,23.43,22.8,23.22,66062259,1524503477.67,80705,0.0034,1.0,450601619490,450605420604,-0.0064,14.7681,11.1184,1.2093,1,23.077
107,000001.XSHE,000001,平安银行,XSHE,2021-06-16,23.22,23.22,23.22,23.4,23.01,23.26,37820804,878470834.12,47817,0.0019,1.0,451377849670,451381657332,0.0017,14.7936,11.1375,1.2114,1,23.227
108,000001.XSHE,000001,平安银行,XSHE,2021-06-17,23.26,23.26,23.02,23.69,23.02,23.1,45328209,1059121804.33,52919,0.0023,1.0,448272928950,448276710420,-0.0069,14.6918,11.0609,1.203,1,23.366
109,000001.XSHE,000001,平安银行,XSHE,2021-06-18,23.1,23.1,23.13,23.28,22.39,22.65,69409930,1574437729.58,67666,0.0036,1.0,439540339425,439544047230,-0.0195,14.4056,10.8454,1.1796,1,22.683
110,000001.XSHE,000001,平安银行,XSHE,2021-06-21,22.65,22.65,22.6,22.67,22.01,22.16,71827274,1600119859.95,107788,0.0037,1.0,430031519720,430035147312,-0.0216,14.094,10.6108,1.1541,1,22.277
111,000001.XSHE,000001,平安银行,XSHE,2021-06-22,22.16,22.16,22.38,23.09,22.25,22.97,75775141,1720058046.82,99611,0.0039,1.0,445750180865,445753941054,0.0366,14.6091,10.9987,1.1963,1,22.7
112,000001.XSHE,000001,平安银行,XSHE,2021-06-23,22.97,22.97,22.85,23.41,22.72,23.14,44790778,1035835695.88,55873,0.0023,1.0,449049159130,449052947148,0.0074,14.7173,11.0801,1.2051,1,23.126
113,000001.XSHE,000001,平安银行,XSHE,2021-06-24,23.14,23.14,23.03,23.12,22.68,23.08,39028349,894502108.58,45628,0.002,1.0,447884813860,447888592056,-0.0026,14.6791,11.0513,1.202,1,22.919
114,000001.XSHE,000001,平安银行,XSHE,2021-06-25,23.08,23.08,23.08,23.6,23.06,23.36,55997295,1310287389.9,57775,0.0029,1.0,453318425120,453322249152,0.0121,14.8572,11.1854,1.2166,1,23.399
115,000001.XSHE,000001,平安银行,XSHE,2021-06-28,23.36,23.36,23.36,23.39,22.48,22.78,62625737,1425702202.01,72260,0.0032,1.0,442063087510,442066816596,-0.0248,14.4883,10.9077,1.1864,1,22.765
116,000001.XSHE,000001,平安银行,XSHE,2021-06-29,22.78,22.78,22.58,22.79,22.0,22.34,104974939,2341926371.42,129357,0.0054,1.0,433524555530,433528212588,-0.0193,14.2084,10.697,1.1635,1,22.309
117,000001.XSHE,000001,平安银行,XSHE,2021-06-30,22.34,22.34,22.36,22.93,22.35,22.62,40343546,913285187.1,47085,0.0021,1.0,438958166790,438961869684,0.0125,14.3865,10.8311,1.1781,1,22.638
118,000001.XSHE,000001,平安银行,XSHE,2021-07-01,22.62,22.62,22.81,23.5,22.52,23.2,66483330,1530548798.57,67049,0.0034,1.0,450213504400,450217302240,0.0256,14.7554,11.1088,1.2083,1,23.022
119,000001.XSHE,000001,平安银行,XSHE,2021-07-02,23.2,23.2,22.72,22.74,21.76,21.81,107067756,2360189793.98,127773,0.0055,1.0,423239505645,423243075942,-0.0599,13.8714,10.4432,1.1359,1,22.044
120,000001.XSHE,000001,平安银行,XSHE,2021-07-05,21.81,21.81,21.69,22.15,21.09,22.06,85934129,1859394323.75,86850,0.0044,1.0,428090944270,428094555492,0.0115,14.0304,10.5629,1.1489,1,21.637
121,000001.XSHE,000001,平安银行,XSHE,2021-07-06,22.06,22.06,22.08,23.0,21.85,22.78,79195726,1784792785.57,88299,0.0041,1.0,442063087510,442066816596,0.0326,14.4883,10.9077,1.1864,1,22.536
122,000001.XSHE,000001,平安银行,XSHE,2021-07-07,22.78,22.78,22.68,23.05,22.5,22.55,46894487,1063910095.83,55637,0.0024,1.0,437599763975,437603455410,-0.0101,14.342,10.7976,1.1744,1,22.687
123,000001.XSHE,000001,平安银行,XSHE,2021-07-08,22.55,22.55,22.78,22.78,21.2,21.51,145705947,3140657439.76,159128,0.0075,1.0,417417779295,417421300482,-0.0461,13.6806,10.2996,1.1202,1,21.555
124,000001.XSHE,000001,平安银行,XSHE,2021-07-09,21.51,21.51,21.3,21.63,21.02,21.27,76236474,1625461607.71,79976,0.0039,1.0,412760398215,412763880114,-0.0112,13.5279,10.1847,1.1077,1,21.321
125,000001.XSHE,000001,平安银行,XSHE,2021-07-12,21.27,21.27,21.5,21.5,20.89,21.16,87790102,1859059510.48,86626,0.0045,1.0,410625765220,410629229112,-0.0052,13.458,10.132,1.102,1,21.176
126,000001.XSHE,000001,平安银行,XSHE,2021-07-13,21.16,21.16,21.15,21.34,20.54,21.12,65761395,1382029130.11,72539,0.0034,1.0,409849535040,409852992384,-0.0019,13.4325,10.1128,1.0999,1,21.016
127,000001.XSHE,000001,平安银行,XSHE,2021-07-14,21.12,21.12,21.0,21.0,20.41,20.76,84795055,1755810875.16,96411,0.0044,1.0,402863463420,402866861832,-0.017,13.2036,9.9405,1.0812,1,20.707
128,000001.XSHE,000001,平安银行,XSHE,2021-07-15,20.76,20.76,20.72,21.72,20.63,21.62,95600305,2040266258.59,94174,0.0049,1.0,419552412290,419555951484,0.0414,13.7505,10.3522,1.126,1,21.342
129,000001.XSHE,000001,平安银行,XSHE,2021-07-16,21.62,21.62,21.41,21.82,21.3,21.34,57300261,1230180813.02,63408,0.003,1.0,414118801030,414122294388,-0.013,13.5724,10.2182,1.1114,1,21.469
130,000001.XSHE,000001,平安银行,XSHE,2021-07-19,21.34,21.34,21.36,21.43,20.78,21.21,52213595,1098434741.86,53098,0.0027,1.0,411596052945,411599525022,-0.0061,13.4898,10.1559,1.1046,1,21.037
131,000001.XSHE,000001,平安银行,XSHE,2021-07-20,21.21,21.21,21.1,21.2,20.47,20.6,80403433,1665315545.53,81690,0.0041,1.0,399758542700,399761914920,-0.0288,13.1018,9.8638,1.0728,1,20.712
132,000001.XSHE,000001,平安银行,XSHE,2021-07-21,20.6,20.6,20.58,20.8,20.2,20.45,75307652,1535327561.83,86355,0.0039,1.0,396847679525,396851027190,-0.0073,13.0064,9.792,1.065,1,20.387
133,000001.XSHE,000001,平安银行,XSHE,2021-07-22,20.45,20.45,20.45,20.66,20.24,20.38,86864809,1773999331.02,76968,0.0045,1.0,395489276710,395492612916,-0.0034,12.9619,9.7585,1.0614,1,20.423
134,000001.XSHE,000001,平安银行,XSHE,2021-07-23,20.38,20.38,20.38,20.38,20.0,20.1,72740433,1461467511.79,76204,0.0037,1.0,390055665450,390058955820,-0.0137,12.7838,9.6244,1.0468,1,20.092
135,000001.XSHE,000001,平安银行,XSHE,2021-07-26,20.1,20.1,19.96,19.99,18.43,18.8,145130394,2770236696.29,143868,0.0075,1.0,364828184600,364831262160,-0.0647,11.957,9.002,0.9791,1,19.088
136,000001.XSHE,000001,平安银行,XSHE,2021-07-27,18.8,18.8,18.87,18.99,17.6,17.76,135755148,2461708369.84,135237,0.007,1.0,344646199920,344649107232,-0.0553,11.2955,8.504,0.9249,1,18.133
137,000001.XSHE,000001,平安银行,XSHE,2021-07-28,17.76,17.76,17.85,18.07,17.68,17.75,106299421,1898562591.76,95376,0.0055,1.0,344452142375,344455048050,-0.0006,11.2892,8.4992,0.9244,1,17.861
138,000001.XSHE,000001,平安银行,XSHE,2021-07-29,17.75,17.75,17.91,18.24,17.78,17.96,87237812,1566107824.4,72963,0.0045,1.0,348527350820,348530290872,0.0118,11.4227,8.5997,0.9354,1,17.952
139,000001.XSHE,000001,平安银行,XSHE,2021-07-30,17.96,17.96,17.92,18.05,17.24,17.69,95015588,1679747318.28,83867,0.0049,1.0,343287797105,343290692958,-0.015,11.251,8.4705,0.9213,1,17.679
140,000001.XSHE,000001,平安银行,XSHE,2021-08-02,17.69,17.69,17.64,18.14,17.18,18.01,115992263,2056014242.91,106318,0.006,1.0,349497638545,349500586782,0.0181,11.4545,8.6237,0.938,1,17.725
141,000001.XSHE,000001,平安银行,XSHE,2021-08-03,18.01,18.01,17.99,18.15,17.66,17.89,89694857,1609422575.43,75660,0.0046,1.0,347168948005,347171876598,-0.0067,11.3782,8.5662,0.9317,1,17.943
142,000001.XSHE,000001,平安银行,XSHE,2021-08-04,17.89,17.89,18.04,18.07,17.6,17.81,72962008,1300164293.35,69207,0.0038,1.0,345616487645,345619403142,-0.0045,11.3273,8.5279,0.9275,1,17.82
143,000001.XSHE,000001,平安银行,XSHE,2021-08-05,17.81,17.81,17.7,18.05,17.58,17.68,62157388,1104903004.7,62354,0.0032,1.0,343093739560,343096633776,-0.0073,11.2446,8.4657,0.9208,1,17.776
144,000001.XSHE,000001,平安银行,XSHE,2021-08-06,17.68,17.68,17.55,17.9,17.45,17.86,56745413,1005870948.8,57055,0.0029,1.0,346586775370,346589699052,0.0102,11.3591,8.5519,0.9301,1,17.726
